Name,TMDB,Image,Top
Shark Tank India,153870,/kDZhUEwqWrRkG6W2Y0WIYTstb0K.jpg,2/10/2024 10:35
A Killer Paradox,202783,/yMx1rTwsP9Q6S1sFKZrXMYwJEdM.jpg,2/10/2024 10:33
Crushed,155649,/257TyvBArjQ19Yq60uZdi0SNBAW.jpg,2/10/2024 10:33
Secrets of the Buddha Relics,245735,/2YqIq8flzjEd8V8Q2Qtw423K04m.jpg,2/7/2024 12:15
Karmma Calling,241606,/tsIR0Fu7nC98th5F7v0cji6saE4.jpg,2/7/2024 12:13
Miss Perfect,243416,/E5CKpKpTLyY8r0QQaTELWclkD3.jpg,2/7/2024 12:13
Mr. & Mrs. Smith,118642,/kvJvGxsDLi3MmHzc9nregyJtOWY.jpg,2/7/2024 12:12
Fear the Walking Dead,62286,/l7N9aS6VyYvjelKoCB2eZge0Qky.jpg,2/7/2024 12:12
Escort Boys,241063,/5WKKnWVjUtmlJI07J7JnFYsOqcE.jpg,2/7/2024 12:11
Earth at Night in Color,110818,/pG8BdIz64deRqLWaiNcsvSPaTCS.jpg,2/7/2024 12:11
A Bloody Lucky Day,220073,/aU7iG0GwED7qFXkOZ1kEiyamy9E.jpg,2/7/2024 12:10
Diary of a Gigolo,208925,/xuqszO6iQXqBsD4kP2xhlBN5ggc.jpg,2/7/2024 12:10
Richard Hammond's Big,97979,/4xMgDP7lkeetMvXejdyIbEqXbUF.jpg,1/27/2024 00:52
Not Quite Narwhal,218576,/ldlcEzhWtVIrX1YGmkQsWHC8FmY.jpg,1/27/2024 00:51
Money Flower,74887,/8Ep2HCbLX7wm1zGt9LJO5rFrNqk.jpg,1/27/2024 00:51
Monarch: Legacy of Monsters,202411,/uwrQHMnXD2DA1rvaMZk4pavZ3CY.jpg,1/27/2024 00:50
Hustlers: Jugaad Ka Khel,243797,/xA7ZcCb8oa12KS7rkbLNQV9xZQ7.jpg,1/27/2024 00:49
Hijack,198102,/szDEqqarPi3YqiPLevm7LObYrDJ.jpg,1/27/2024 00:45
Griselda,137893,/nhEtK1lJKb3kqBtDBDXynGr3hJL.jpg,1/27/2024 00:45
Badi Heroine Banti Hai,243798,/i54wrDQwAikd4JI5COJ1pAtWE2W.jpg,1/27/2024 00:44
ReLIFE,66941,/aRK64bB8hMsuZZnitebPyKqOR5d.jpg,1/20/2024 11:12
The Bequeathed,212553,/iExLDuclzOp06ro9929UTDQRDm1.jpg,1/20/2024 11:09
Reacher,108978,/jFuH0md41x5mB4qj5344mSmtHrO.jpg,1/20/2024 11:09
Time To Fall In Love,203646,/xDRajNLS3Srl7ozweY3S7BfE9OR.jpg,1/20/2024 11:08
Indian Police Force,201009,/hEiUy3Du35ZmVeKgVQnDK6wgMAt.jpg,1/20/2024 11:06
Sonic Prime,115577,/oQwgdjp4vrxu9a9EDheip1E5Wsx.jpg,1/15/2024 18:32
North Atlantic: The Dark Ocean,228909,/o1yQGXgyCGWAGtb2L3qZHvZO6nU.jpg,1/15/2024 18:31
Last One Standing,92235,/miBY0oAL6QUMT1NbQnhqw4JFNxj.jpg,1/15/2024 18:29
Killer Soup,238419,/w7W2k2dnKHWlDxqcApBj8Cj304Y.jpg,1/15/2024 18:21
History Hunter,243657,/zztWazlteN8449UuQFvfutSjY9r.jpg,1/15/2024 18:20
Dehati Ladke,241348,/u4dCWNRd7Hvn8AWCssiWIAvlBvV.jpg,1/15/2024 18:20
Journey,43043,/cbXbQgIja8Fi7RbRkgLzX2Tp7Zc.jpg,1/15/2024 18:16
Boy Swallows Universe,209332,/nb0ek7qonE0YkyaB4dsAw5J9NoH.jpg,1/15/2024 18:14
Batman: The Animated Series,2098,/lBomQFW1vlm1yUYMNSbFZ45R4Ox.jpg,1/15/2024 18:11
Echo,122226,/vFyJH630cF68LohVYjQW49074Sy.jpg,1/13/2024 19:27
The Legend of Hanuman,117736,/AdCWLnuw01cWkdy7nsZVtnX4KVn.jpg,1/12/2024 10:45
Solo Leveling,127532,/geCRueV3ElhRTr0xtJuEWJt6dJ1.jpg,1/8/2024 13:22
Soul Land 2: The Peerless Tang Clan,228429,/kkU8L7PtKYMkymJeWw895xdLa08.jpg,1/7/2024 17:55
Fool Me Once,220801,/mmciEbI6HGrCGbSYVEen8wVpkYf.jpg,1/7/2024 17:55
You Are What You Eat: A Twin Experiment,241849,/zzPQAZwBaUJnlLefai7q6pNSUTt.jpg,1/7/2024 17:54
Lie to Love,132317,/sogyrB1s0xQVs9GDkIe8xa1MITK.jpg,1/7/2024 17:00
W: Two Worlds Apart,66330,/rBuCoS0VB9M6zkEUCvnVrfeF0J.jpg,1/1/2024 12:37
Pok�mon Concierge,221301,/2k53AsWsLrMtcbFyH0nVOqQjj2x.jpg,12/31/2023 20:40
Legendary Locations,79129,/9o3tsmjfnwwL9UyVbtdePqHWfVu.jpg,12/30/2023 17:42
X Tape,242527,/Nj5qnJHjWhzvzGmDruaVzXLjBh.jpg,12/29/2023 23:56
Berlin,146176,/69YuvoiWTtK6oyYH2Jl4Q6SgZ59.jpg,12/29/2023 21:05
Wedding.con,242250,/rvoJXfZmc83msJLByasSTFD6oTv.jpg,12/29/2023 21:05
What If...?,91363,/rWg4Jk7NwVEz2BtU1aKKDoDJPeB.jpg,12/28/2023 09:42
Them,120462,/aI5067AphKpSvg72O1JDwHi3eYz.jpg,12/28/2023 09:41
Parnashavarir Shaap,239201,/ek0cGshTGgqSHcsTt5O0ncgcpwj.jpg,12/28/2023 09:41
Humorously Yours,69715,/138zC3znm8vY0EtXEhvvCMVGI45.jpg,12/28/2023 09:39
Handy Manny,10219,/o5hZxR34tSgigW3xV6WG4H9FOcS.jpg,12/28/2023 09:38
Gyeongseong Creature,135238,/1qxRfQq9BI9dZ1nOztEtTkqNgea.jpg,12/28/2023 09:37
As the Crow Flies,202010,/67tnyxNt6TkNmAIPkBemqPABTw7.jpg,12/23/2023 12:43
Dubai Bling,213272,/ohxfANxHuNN6BAIKo6WHL1uEWQN.jpg,12/23/2023 12:42
Codename: Kids Next Door,2660,/ppM8Pl6e8JIr39HPLRFgqDH3Vf1.jpg,12/23/2023 12:39
FLAMES,76369,/i8Nq7YiYcgbLdcBMbxUmHfcYBwM.jpg,12/23/2023 12:36
Koose Munisamy Veerappan,240221,/r3smrkXmTli9K19YqRhEasxra4V.jpg,12/23/2023 12:35
Honeymoon Suite Room No 911,241987,/4zzHlrk8u82SmeaVfRVMKkXU0yO.jpg,12/23/2023 12:32
Hi Venus,216405,/kU3HwhFCKgCDOD505R9zNvU4vc8.jpg,12/23/2023 12:32
Skin to the Max,79212,/vOgPPs7yPZEQCUga3S99JvCY5bv.jpg,12/23/2023 12:28
Rick and Morty,60625,/gdIrmf2DdY5mgN6ycVP0XlzKzbE.jpg,12/23/2023 12:27
Mission Start Ab,241137,/olbz9HdM7iIt30A2FEazWe6JZuw.jpg,12/23/2023 12:26
The Freelancer,232282,/BwHZ1rv1CYvYFLB5nu1t5H7aid.jpg,12/19/2023 20:14
The Crown,65494,/1DDE0Z2Y805rqfkEjPbZsMLyPwa.jpg,12/19/2023 20:14
ImMATURE,87030,/q9Gs8Pz7kmGb4KWIk9l0YIpd3lh.jpg,12/19/2023 20:00
First Act,241158,/94RtLDq2RvYBM4fFbglSMSxebfU.jpg,12/19/2023 19:51
Los Farad,225283,/t2aNPWte1XmVbFL2HMppoQK3PG.jpg,12/15/2023 12:05
Yu Yu Hakusho,121659,/t9WiCEnojzksL3crxiCt7HIda8p.jpg,12/15/2023 12:03
My Lethal Man,218238,/ykKbuBoY3pf1lvjpfhWfrS1NTxY.jpg,12/15/2023 11:50
Playing with Fire,86151,/9Hm4tQAP1V80QqgJDAD2SKhDGeW.jpg,12/15/2023 11:49
Vadhuvu,240575,/msXTAJ4ZJGeNqfKkjmz6hebKnZU.jpg,12/15/2023 11:49
Paatal Lok,103051,/duaaazbB49iKK4TMvekR3fQIVhU.jpg,12/11/2023 02:03
The World Wars,61132,/y3KL7tlWsaLpB7zL1yAO5BZhoXG.jpg,12/11/2023 02:02
The Veil,127358,/nVMmNwMXrXBmTMn1HtUdpB7RPZw.jpg,12/8/2023 09:42
My Life with the Walter Boys,199001,/jg3YdxDNlxay0NWTxgAPif647Hj.jpg,12/8/2023 09:39
Find Me in Your Memory,99477,/u7bCi8AoLID1ykXogzL5a4mAL0o.jpg,12/8/2023 09:38
Chamak,240518,/9CEV7ZohzIbxUi6SMLb59Ey54ou.jpg,12/8/2023 09:38
Campus Beats,236445,/ajUqZOd8CRL5k5lOkQDxAI0HSBT.jpg,12/8/2023 09:37
Blood Coast,216985,/pKvpiFL4pxrixwpHg77s9oQqfNl.jpg,12/8/2023 09:36
Sweet Home,96648,/u8sLAJUvY9yzWqtVfKRQz5yin3D.jpg,12/5/2023 09:00
Obliterated,94244,/5g3UrcV6oguAcI3myMKb6wi28y5.jpg,12/5/2023 09:00
Justice League,1618,/caIAQIoM9NLZofT8fz8t47W1gYe.jpg,12/5/2023 08:58
Dhootha,200946,/jMegWqCj8z58na8RG8ytlPJ7gGm.jpg,12/5/2023 08:56
Bad Surgeon: Love Under the Knife,238959,/zD6asd71uBj1TMRRuGMeeqU2nnh.jpg,12/5/2023 08:54
Alphonse,197436,/68jWgFipSRPeJkJxzqO51gZ4KYc.jpg,12/5/2023 08:52
Shehar Lakhot,240322,/5T50SQwaKpTQHSs11CUABzRcaCW.jpg,12/1/2023 09:44
Love Me Like I Do,219713,/84lRORBnbvjb3zMuH3WPpJlsOZt.jpg,12/1/2023 09:43
Fargo,60622,/6U9CPeD8obHzweikFhiLhpc7YBT.jpg,12/1/2023 09:42
The Stranger,96608,/qKtjZ6f8ip6M7pYiDcVs0QXUAly.jpg,11/30/2023 23:30
Tatlubaaz,240291,/aKpvlXreyhqaU2S0tPKByMcHAD3.jpg,11/30/2023 23:30
Slum Golf,239778,/34nWKpdHglmQpKYwm4U3zX7MDAg.jpg,11/30/2023 23:29
Lessons in Chemistry,117303,/tCPIf5f6jUIr8KDMWsfaXwXW0kl.jpg,11/30/2023 23:29
A Nearly Normal Family,235571,/2k4xuiAoSnxisFWuZJ5ZKkNCA0U.jpg,11/30/2023 23:29
The Village,200879,/l3amr8DNfvhszpTR7wzr3Rb3RM.jpg,11/30/2023 23:28
The Railway Men - The Untold Story of Bhopal 1984,213895,/kOYlMHtNSqnf1FgsoK1JJypfkrY.jpg,11/30/2023 23:28
The Killing Vote,217088,/70Sg182STzN69ntpQZwZJDMKSrp.jpg,11/30/2023 23:28
The Kidnapping Day,212203,/rtuZelGw0xDo27akrKD36aCiYN5.jpg,11/30/2023 23:27
The Aam Aadmi Family,90956,/mg1lYG6NcJFB74vgOMHBE35fmyg.jpg,11/30/2023 23:27
Steven Universe,61175,/gKUuGaeZ9qiJ9Spoq0LrANQSN5x.jpg,11/30/2023 23:27
Squid Game: The Challenge,204082,/eAjXAgdjPMZH9Ugub7XYPowFoS1.jpg,11/30/2023 23:26
My Daemon,211051,/5bWTE3CwBM6z8lew9BPykujeNwG.jpg,11/30/2023 23:25
High School,208061,/cKasVe3wYtZpfQamxZlRCWYeqgX.jpg,11/30/2023 23:25
The Adventures of LLeo,238779,/xWsEZLHkTGSI5kLi7Gr9jM0jjhT.jpg,11/30/2023 23:24
Succession,76331,/7HW47XbkNQ5fiwQFYGWdw9gs144.jpg,11/30/2023 23:24
Shopaholic Louis,67272,/d97j9INf0AmjM7ieCi1H9hnJDnl.jpg,11/30/2023 23:24
Scott Pilgrim Takes Off,155292,/nHROk2C6bv8LqtvyYd0tCMURbxC.jpg,11/30/2023 23:23
History's Greatest Escapes with Morgan Freeman,239980,/qHtonpZqVhSzRpJylOEvkXo5G6x.jpg,11/30/2023 23:23